term,freq,tfidf,insight
深度低碳新聞,13,0.6566786143002149,"Ⅰ. 主題趨勢：
這些熱詞反映出媒體對於氣候變遷與「深度低碳新聞」的高度關注，顯示減碳與「能源轉型」已成為當前環境議題的核心。同時，「生物多樣性」、「污染治理」及「土地利用」等傳統環境保護範疇仍持續受到重視，凸顯生態永續與環境品質改善的迫切性。值得注意的是，「原住民文化」、「宗教信仰」與特定地名（如「台東」、「高雄」）的出現，暗示環境議題的討論正深化至在地脈絡、文化信仰與社會公平的多元交織面向。

Ⅱ. 關鍵議題：
當前關鍵議題聚焦於如何有效推動「能源轉型」以實現「深度低碳」目標，並在過程中妥善處理相關的「污染治理」挑戰，例如「焚化爐」爭議所衍生的空氣品質問題。此外，確保「生物多樣性」與永續「土地利用」的平衡，特別是在涉及「原住民傳統領域」的開發案中，成為社會關注的焦點。將「循環經濟」理念落實於生產與消費模式，同時尊重「原住民文化」與「宗教信仰」在環境保護中的角色，是當前重要任務。

Ⅲ. 利害關係人與立場：
主要的利害關係人包括政府部門（如制定政策、審查「環評委員」）、產業（如能源、製造業，受「深度低碳」和「污染治理」規範影響）以及公民社會團體。環保團體與在地居民（如受「空氣污染」影響者）多主張環境保護優先，要求嚴格管制污染源和健全環評制度。原住民社群則以其文化與傳統知識，倡議維護「原住民傳統領域」的生態完整性與文化權益，對於土地開發案常抱持謹慎或反對立場。

Ⅳ. 風險與機會：
環境議題的風險涵蓋氣候變遷帶來的極端天氣事件、「空氣污染」對公眾健康的危害，以及「生物多樣性」喪失對生態系統服務的衝擊。若政策推動不當，可能引發社會對立，例如「焚化爐」選址爭議或「土地利用」衝突。然而，這些挑戰也帶來發展「深度低碳」技術與「循環經濟」的機會，促使產業創新轉型，同時藉由尊重「原住民文化」與信仰，共同探索在地化、韌性永續的解決方案。

Ⅴ. 政策與產業含意：
政策層面將持續推動「能源轉型」相關法規，包括碳費徵收、再生能源發展與「污染治理」標準，並可能針對「土地利用」與環境影響評估進行檢討，以納入原住民權益與文化面向。產業發展將受低碳化與「循環經濟」趨勢影響，促使企業投資綠色技術與永續生產模式。地方政府（如「高雄」、「新北」）則需面臨更細緻的在地環境治理挑戰，尤其在廢棄物處理、空氣品質改善及生態觀光發展方面。

—— 報導分析摘要：
這些熱詞透露出台灣環境議題的重心，已從傳統污染防治擴展至氣候變遷下的低碳轉型與永續發展。報導內容顯示，能源轉型和深度低碳策略是當前媒體關注焦點，同時，生物多樣性保育、污染治理及土地利用規劃仍是重要課題。值得注意的是，相關報導不僅觸及科學技術，更深入探討環境保護與原住民文化、宗教信仰及在地社區的交織關係，反映出議題討論的多元化和在地化趨勢。例如，焚化爐爭議和特定區域的環境挑戰，凸顯了地方治理與公眾參與的重要性。這反映了社會對於永續發展的全面性需求，呼籲政策制定者需整合跨領域思維，平衡經濟發展與生態文化保護，同時提升公民對環境議題的認知與參與，共同應對氣候韌性與資源循環的挑戰，以期達成實質的環境改善與社會共榮。

SDGs 對應與指標：

*   **SDG 7 可負擔的潔淨能源**
    熱詞中的「能源轉型」和「深度低碳」直接指向潔淨能源的發展與應用，以確保所有人能以可負擔的方式取得永續能源。
    指標：7.2.1、再生能源在全球能源結構中的佔比；7.3.1、能源強度。
*   **SDG 11 永續城鄉**
    「土地利用」、「焚化爐」、「空氣污染」及多個城鄉地名，皆反映城鄉環境品質、廢棄物管理與永續發展的密切關聯。
    指標：11.6.2、具有可接受空氣品質的城鎮人口比例；11.b.1、執行都市和區域規劃的數量。
*   **SDG 12 責任消費與生產**
    「循環經濟」和「污染治理」明確顯示對資源效率提升及永續生產消費模式的追求，以減少環境衝擊。
    指標：12.4.2、危險廢棄物人均產生量以及依類型之管理百分比；12.5.1、國家回收、循環再利用和最終廢棄物產生率。
*   **SDG 13 氣候行動**
    「氣候變遷」、「深度低碳新聞」和「能源轉型」直接呼應了應對氣候變遷及其影響的全球行動與政策需求。
    指標：13.2.2、關於溫室氣體排放的國家策略或行動計畫數；13.3.1、將氣候變遷緩解、調適、影響降低和早期預警納入學校課程、社區和國家機制的程度。
*   **SDG 15 陸域生態**
    「生物多樣性」、「植物」、「原住民傳統領域」和「土地利用」凸顯了保護、恢復及永續利用陸域生態系統的重要性，包括森林、濕地與山地。
    指標：15.1.1、森林面積佔總土地面積的比例；15.5.1、瀕危物種紅色名錄指標。"
李蘇竣,10,1.0,
生物多樣性,9,1.0,
污染治理,9,0.5222670033702556,
土地利用,8,0.7541705360995945,
氣候變遷,6,1.0,
信嗎,6,0.4858444930237709,
環保與信仰的結與解,6,0.4858444930237709,
原住民文化,5,0.5751979797144723,
焚香,5,0.41700570065807857,
能源轉型,4,0.8027042043417446,
宗教信仰,4,0.34599012595606315,
台東,3,0.6361973747818357,
原住民傳統領域,3,0.6261631816574098,
張宸瑀,2,1.0,
高雄,2,1.0,
循環經濟,2,0.8350199016017451,
新北,2,0.8063684356490047,
桃園,2,0.8063684356490047,
植物,2,0.8063684356490047,
台北,2,0.8063684356490047,
空氣污染,2,0.7120899601687976,
南投,2,0.7071067811865476,
花蓮,2,0.66092054581183,
深度低碳專題,2,0.6131400966684406,
病媒蚊,2,0.6131400966684406,
焚話名間,2,0.5316504259615241,
焚化爐,2,0.5316504259615241,
原住民,2,0.5275389263756249,
環評委員,2,0.49957124423578836,
