id,title,priority,est_min,status,created_at,completed_at,pomodoros,spent_sec,ai_note
1,程式作業三,H,25,done,2025-10-25 19:56:57,2025-10-25 21:15:02,1,25分03秒,"# 任務：程式作業三

### 學習策略
- 同學，完成程式作業三一定不容易，看到你堅持下來，真的很棒！在寫程式的過程中遇到挑戰是很正常的，我們一起來看看有哪些實用的小方法。
- 在動手寫程式之前，可以先用文字或流程圖把你的邏輯思路寫下來。就像蓋房子要先有設計圖一樣，有了清晰的藍圖（例如：這個程式需要讀取什麼？計算什麼？輸出什麼？），程式碼會寫得更順暢、更正確。
- 試著把大問題拆解成小模組來處理。例如，程式作業通常會分資料輸入、核心運算、結果輸出等部分。先專心解決一個小模組，確認它能正確運作，再往下一個走，會讓思路更清晰，也更容易找出問題在哪裡。
- 別害怕遇到錯誤訊息！程式碼就像一個積木組合，小地方可能就出錯。當你寫完一個小功能，就馬上執行看看，提早除錯（debug）能省下很多之後找 bug 的時間，就像及早發現小裂縫，避免整棟樓倒塌。
- 如果真的卡住了，試著回顧課堂筆記，或是查閱相關的官方文件或網路範例。有時候換個角度思考，或是看到別人是如何實現類似功能的，就能瞬間找到突破口，但記得要消化吸收後再自己動手喔！

### 時間安排
- 哇，太棒了！這次「程式作業三」的預估時間和實際時間竟然完全吻合，這表示你對自己的能力和任務範圍掌握得非常精準！這是一個非常值得鼓勵的好習慣，請務必繼續保持！
- 為了維持這種精準的估時能力，未來面對更複雜的任務時，可以嘗試將任務再拆解得更細，讓每個小環節都有明確的完成時間。例如：**前 5 分鐘**閱讀題目並規劃主要邏輯與變數定義，**中間 15 分鐘**撰寫核心程式碼並進行初步測試，**最後 5 分鐘**進行最終的程式碼整理、註解與驗證，確保沒有遺漏。
- 每次開始新任務前，可以花 1-2 分鐘快速瀏覽任務內容，並在腦中簡單設定一個「里程碑」清單。例如：先完成「資料載入」功能，再實作「演算法核心」，最後做「結果輸出與驗證」。這樣能幫助你保持專注，知道下一步該做什麼，減少迷茫感。
- 即使時間估計得很準，適當的「微休息」也很重要。如果發現思路卡住，短暫的起身活動或閉眼深呼吸一分鐘，會讓頭腦重新開機，回來效率更高，也能避免長時間用腦帶來的疲憊和焦慮。
- 繼續練習這種估時技巧，未來遇到時間稍有超支或提早完成的情況，你也會更有彈性去調整，知道什麼時候該加快腳步，什麼時候可以放慢步調進行更深入的思考或優化，保持良好的學習節奏。"
2,程式作業四,H,25,done,2025-10-25 20:29:03,2025-10-25 22:04:49,1,25分00秒,"# 任務：程式作業四

### 學習策略
- 遇到程式卡關是很正常的，別擔心！當你感覺困惑時，試著把大問題拆解成小塊，例如「這個函式要做什麼？」「我需要哪些變數？」或「這個錯誤訊息在指引我什麼？」這樣一步步來，會更容易找到突破口喔。
- 在動手寫程式碼之前，可以先用白話文或偽代碼（Pseudocode）寫下你的邏輯步驟。這就像是程式的食譜，有了清晰的思路，寫起程式碼會更順暢，也能減少茫然感，特別是在處理複雜的邏輯時很有幫助。
- 編寫程式時，養成「寫一點、測一點」的好習慣！不要等到程式都寫完了才一口氣跑，小片段的測試可以幫你及早發現問題，偵錯（debug）也會輕鬆很多，例如確認「這個變數的值對不對？」或「這個函式輸出是否符合預期？」。
- 如果遇到錯誤訊息（Error message），別害怕它，它其實是你的程式在跟你說話呢！試著讀懂它在指引什麼，通常會告訴你問題可能在哪一行、是什麼類型。把它當作是程式在提供線索，你會發現偵錯的效率會提升很多。

### 時間安排
- 你這次的估時非常精準，實際花費時間跟預期完全一樣，這表示你對任務的掌握度很高，真的很棒！請繼續保持這個好習慣喔。
- 即使估時精準，對於程式作業這類型的任務，我們仍可以將總時間更具體地分配給不同階段。例如：
    - **前 5 分鐘：** 仔細閱讀題目要求，釐清所有條件，並在腦中或紙上構思程式的主要邏輯與架構（例如：需要哪些輸入？輸出是什麼？有哪些主要步驟？）。
    - **接下來 15 分鐘：** 專注於實作核心功能，可以先從最主要的演算法或資料處理部分開始編寫，並適時進行小範圍測試，確保每個小功能都按預期運作。
    - **最後 5 分鐘：** 用於檢查程式碼是否有語法錯誤、邏輯漏洞，進行全面測試，並整理程式碼讓其更清晰易讀，確保符合所有提交要求。
- 為了應對程式作業中偶爾會出現的「卡關」時刻，在未來較大的專案中，可以考慮在總時間裡預留一個小小的「彈性緩衝區」（例如額外 5-10 分鐘），這樣就算遇到突發狀況或一時想不通，也不會感到太大的壓力或時間不足。
- 短暫的休息對於保持思緒清晰很有幫助。即使是 25 分鐘的任務，在完成一個小模組或解決一個問題後，也可以閉上眼睛 30 秒，或喝口水，讓自己重新整理思緒再出發，有助於維持專注力。"
3,機率作業二,M,25,active,2025-10-25 22:23:39,,0,0分00秒,"# 任務：機率作業二

### 學習策略
- 嘿，看到是「機率作業二」，我知道機率有時候公式和概念會比較抽象，很容易讓人覺得不知道從何下手。實際時間還是0，可能代表你還在觀望，或者覺得有點卡關，這都很正常喔！別擔心，我們可以試試看把問題拆解開來。
- **回顧基本概念：** 在開始解題前，花一點點時間快速翻閱課本或筆記，提醒自己這次作業可能用到的核心機率定義、定理（例如貝氏定理、條件機率、期望值、各種分佈等）。有時候，釐清這些基礎觀念會讓你更有信心，思路也會更清晰。
- **從簡單題開始建立信心：** 如果作業有多個題目，先挑選看起來比較直接、你比較有把握的題目著手。成功解開一題會帶來成就感，就像滾雪球一樣，建立起動能，讓你更有動力去面對後面的難題。
- **一步一步拆解問題：** 對於較複雜的題目，試著把它拆成小步驟。例如，先定義隨機變數、找出樣本空間、判斷是哪種分佈、寫出事件的機率表示式，然後再計算。把大問題化為小問題，每完成一個小步驟，就離解答更近一步。
- **別害怕試錯與查證：** 解機率題就像偵探辦案，有時候第一次的假設或計算不見得對。這是學習的必經之路！把你的思考過程寫下來，即使錯了，也能從中找到癥結點。如果卡關，試著查閱類似的例題、翻閱課本，或是思考題目中每個條件的意義，這會讓你下次更熟練。

### 時間安排
- 看到預估 25 分鐘，實際是 0 分鐘，這表示你可能還沒開始，或者覺得 25 分鐘不夠、有點不知所措。沒關係，我們來規劃一下，讓「開始」這件事變得容易，並找到適合你的節奏！
- **設定一個「啟動」時間：** 別想著一次做完所有事情，先給自己設定一個小小的「強制啟動」時間。例如，就從現在開始撥出 10 分鐘，只做一件事：**打開作業檔案，快速瀏覽所有題目，並把看起來最簡單的一題圈起來。** 這樣就能輕鬆跨出第一步，破除零開始的阻力。
- **微型任務分解與執行：** 針對機率作業，你可以這樣安排接下來的 25 分鐘（或稍微多一點點，如果需要的話）：
    - **前 5 分鐘：** 快速回顧你覺得最可能用到的 1-2 個公式或概念，並在課本或筆記上標示出來。
    - **接下來 10 分鐘：** 專注解那題你圈起來的「最簡單」的題目。目標是把思路、列式寫下來，即使沒算出最終答案也沒關係。
    - **最後 10 分鐘：** 嘗試檢查剛剛的解題過程，看看有沒有算錯的地方；或者，思考下一題的題意，在題目旁寫下關鍵字和可能的解題方向。
- **預留喘息空間，降低焦慮：** 記得在這些小任務之間，給自己一個 2-3 分鐘的小休息。可能只是站起來走動一下，喝口水，或深呼吸幾次。這能幫助你清空思緒，避免壓力過大，讓接下來的專注更有效率，也不會覺得像在趕火車。
- **重新評估與調整：** 完成了這段「啟動」時間後，花 1 分鐘思考：我對這 25 分鐘的估計準確嗎？現在對作業的理解有多少？剛剛解題順利嗎？根據這次的經驗，你就能更精準地規劃下次的學習時間，並調整你的預估，一步步往前推進，讓自己更有掌控感！"
